{"initial_reset_timestamp": 1549682073.387398, "timestamps": [1549682082.918071], "episode_lengths": [190], "episode_rewards": [-190.0], "episode_types": ["t"]}