{"initial_reset_timestamp": 1549292621.248048, "timestamps": [1549292626.944407], "episode_lengths": [91], "episode_rewards": [-118.16023128312672], "episode_types": ["t"]}